{"user_1": "loock"}{"user_1": "loock"}{"user_1": "add 132, summ 39960"}{"user_1": "loock"}{"user_1": "add 3, summ 40092"}{"user_1": "loock"}{"user_1": "loock"}{"user_1": "add 432, summ 40095"}{"user_1": "exit"}{"user_1": "loock"}{"user_1": "add 432, summ 40527"}{"user_1": "loock"}{"user_1": "loock"}{"user_1": "loock"}{"user_1": "loock"}{"user_1": "loock"}{"user_1": "loock"}{"user_1": "loock"}{"user_1": "loock"}{"user_1": "loock"}{"user_1": "loock"}{"user_1": "loock"}{"user_1": "loock"}{"user_1": "loock"}{"user_1": "loock"}{"user_1": "loock"}{"user_1": "loock"}{"user_1": "loock"}{"user_1": "loock"}{"user_1": "loock"}{"user_1": "loock"}{"user_1": "loock"}{"user_1": "loock"}{"user_1": "loock"}{"user_1": "loock"}{"user_1": "loock"}{"user_1": "loock"}{"user_1": "add 200, summ "}{"user_1": "loock"}{"user_1": "add 100, summ "}{"user_1": "loock"}{"user_1": "loock"}{"user_1": "loock"}{"user_1": "loock"}{"user_1": "loock"}{"user_1": "loock"}{"user_1": "loock"}{"user_1": "loock"}{"user_1": "loock"}{"user_1": "add 200, summ 0"}{"user_1": "loock"}{"user_1": "loock"}{"user_1": "loock"}{"user_1": "loock"}{"user_1": "loock"}{"user_1": "loock"}{"user_1": "loock"}{"user_1": "add 200, summ 200"}{"user_1": "loock"}{"user_1": "add 200, summ 400"}{"user_1": "loock"}{"user_1": "sell 200, summ 600"}{"user_1": "loock"}{"user_1": "add 200, summ 400"}{"user_1": "sell 100, summ 600"}{"user_1": "loock"}{"user_1": "loock"}{"user_1": "add 4, summ 500"}{"user_1": "loock"}{"user_1": "loock"}{"user_1": "loock"}{"user_1": "loock"}{"user_1": "sell 200, summ 504"}{"user_1": "loock"}{"user_1": "loock"}{"user_1": "sell 200, summ 304"}{"user_1": "loock"}{"user_1": "add 200, summ 104"}{"user_1": "loock"}{"user_1": "exit"}